{
  "package": "ihe.pharm.meow",
  "version": "0.1.0",
  "fhirVersion": "5.0.0",
  "jurisdiction": "001",
  "extensions": [
    {
      "url": "http://profiles.ihe.net/PHARM/MEOW/StructureDefinition/ihe-ext-medication-classification",
      "title": "Medication - Classification",
      "types": [
        "CodeableConcept"
      ]
    },
    {
      "url": "http://profiles.ihe.net/PHARM/MEOW/StructureDefinition/ihe-ext-medication-device",
      "title": "Medication - Device",
      "types": [
        "CodeableReference",
        "Quantity",
        "base64Binary",
        "boolean",
        "canonical",
        "code",
        "date",
        "dateTime",
        "decimal",
        "id",
        "instant",
        "integer",
        "integer64",
        "markdown",
        "oid",
        "positiveInt",
        "string",
        "time",
        "unsignedInt",
        "uri",
        "url",
        "uuid",
        "Address",
        "Age",
        "Annotation",
        "Attachment",
        "CodeableConcept",
        "CodeableReference",
        "Coding",
        "ContactPoint",
        "Count",
        "Distance",
        "Duration",
        "HumanName",
        "Identifier",
        "Money",
        "Period",
        "Quantity",
        "Range",
        "Ratio",
        "RatioRange",
        "Reference",
        "SampledData",
        "Signature",
        "Timing",
        "ContactDetail",
        "DataRequirement",
        "Expression",
        "ParameterDefinition",
        "RelatedArtifact",
        "TriggerDefinition",
        "UsageContext",
        "Availability",
        "ExtendedContactDetail",
        "Dosage",
        "Meta"
      ]
    },
    {
      "url": "http://profiles.ihe.net/PHARM/MEOW/StructureDefinition/ihe-ext-medication-productname",
      "title": "Medication - Product Name",
      "types": [
        "string",
        "CodeableConcept",
        "CodeableConcept",
        "base64Binary",
        "boolean",
        "canonical",
        "code",
        "date",
        "dateTime",
        "decimal",
        "id",
        "instant",
        "integer",
        "integer64",
        "markdown",
        "oid",
        "positiveInt",
        "string",
        "time",
        "unsignedInt",
        "uri",
        "url",
        "uuid",
        "Address",
        "Age",
        "Annotation",
        "Attachment",
        "CodeableConcept",
        "CodeableReference",
        "Coding",
        "ContactPoint",
        "Count",
        "Distance",
        "Duration",
        "HumanName",
        "Identifier",
        "Money",
        "Period",
        "Quantity",
        "Range",
        "Ratio",
        "RatioRange",
        "Reference",
        "SampledData",
        "Signature",
        "Timing",
        "ContactDetail",
        "DataRequirement",
        "Expression",
        "ParameterDefinition",
        "RelatedArtifact",
        "TriggerDefinition",
        "UsageContext",
        "Availability",
        "ExtendedContactDetail",
        "Dosage",
        "Meta"
      ]
    },
    {
      "url": "http://profiles.ihe.net/PHARM/MEOW/StructureDefinition/ihe-ext-medication-sizeofitem",
      "title": "Medication - Size of Item",
      "types": [
        "Quantity"
      ]
    },
    {
      "url": "http://profiles.ihe.net/PHARM/MEOW/StructureDefinition/ihe-ext-medicationstatement-substitution",
      "title": "MedicationStatement - Substitution",
      "types": [
        "CodeableConcept",
        "CodeableConcept",
        "base64Binary",
        "boolean",
        "canonical",
        "code",
        "date",
        "dateTime",
        "decimal",
        "id",
        "instant",
        "integer",
        "integer64",
        "markdown",
        "oid",
        "positiveInt",
        "string",
        "time",
        "unsignedInt",
        "uri",
        "url",
        "uuid",
        "Address",
        "Age",
        "Annotation",
        "Attachment",
        "CodeableConcept",
        "CodeableReference",
        "Coding",
        "ContactPoint",
        "Count",
        "Distance",
        "Duration",
        "HumanName",
        "Identifier",
        "Money",
        "Period",
        "Quantity",
        "Range",
        "Ratio",
        "RatioRange",
        "Reference",
        "SampledData",
        "Signature",
        "Timing",
        "ContactDetail",
        "DataRequirement",
        "Expression",
        "ParameterDefinition",
        "RelatedArtifact",
        "TriggerDefinition",
        "UsageContext",
        "Availability",
        "ExtendedContactDetail",
        "Dosage",
        "Meta"
      ]
    },
    {
      "url": "http://profiles.ihe.net/PHARM/MEOW/StructureDefinition/ihe-ext-medicationstatement-verificationinformation",
      "title": "MedicationStatement - Verification Information",
      "types": [
        "Reference",
        "dateTime",
        "base64Binary",
        "boolean",
        "canonical",
        "code",
        "date",
        "dateTime",
        "decimal",
        "id",
        "instant",
        "integer",
        "integer64",
        "markdown",
        "oid",
        "positiveInt",
        "string",
        "time",
        "unsignedInt",
        "uri",
        "url",
        "uuid",
        "Address",
        "Age",
        "Annotation",
        "Attachment",
        "CodeableConcept",
        "CodeableReference",
        "Coding",
        "ContactPoint",
        "Count",
        "Distance",
        "Duration",
        "HumanName",
        "Identifier",
        "Money",
        "Period",
        "Quantity",
        "Range",
        "Ratio",
        "RatioRange",
        "Reference",
        "SampledData",
        "Signature",
        "Timing",
        "ContactDetail",
        "DataRequirement",
        "Expression",
        "ParameterDefinition",
        "RelatedArtifact",
        "TriggerDefinition",
        "UsageContext",
        "Availability",
        "ExtendedContactDetail",
        "Dosage",
        "Meta"
      ]
    }
  ],
  "profiles": {
    "Medication": [
      {
        "url": "http://profiles.ihe.net/PHARM/MEOW/StructureDefinition/IHEMedication",
        "title": "Medicinal product"
      }
    ],
    "Bundle": [
      {
        "url": "http://profiles.ihe.net/PHARM/MEOW/StructureDefinition/MedicationOverview",
        "title": "Medication Overview Bundle"
      }
    ],
    "Composition": [
      {
        "url": "http://profiles.ihe.net/PHARM/MEOW/StructureDefinition/MedicationOverviewComposition",
        "title": "Medication Overview Composition"
      }
    ],
    "CarePlan": [
      {
        "url": "http://profiles.ihe.net/PHARM/MEOW/StructureDefinition/MedicationTreatment",
        "title": "Medication Treatment"
      }
    ],
    "MedicationStatement": [
      {
        "url": "http://profiles.ihe.net/PHARM/MEOW/StructureDefinition/MedicationTreatmentLine",
        "title": "Medication Treatment Line"
      }
    ]
  },
  "usage": {
    "http://hl7.org/fhir/StructureDefinition/artifact-version": [
      "MedicationStatement"
    ],
    "http://hl7.org/fhir/StructureDefinition/elementdefinition-bestpractice": [
      "StructureDefinition.snapshot.element.constraint"
    ],
    "http://hl7.org/fhir/StructureDefinition/elementdefinition-bestpractice-explanation": [
      "StructureDefinition.snapshot.element.constraint"
    ],
    "http://hl7.org/fhir/StructureDefinition/elementdefinition-bindingName": [
      "StructureDefinition.snapshot.element.binding"
    ],
    "http://hl7.org/fhir/StructureDefinition/structuredefinition-fhir-type": [
      "StructureDefinition.snapshot.element.type"
    ],
    "http://hl7.org/fhir/StructureDefinition/structuredefinition-hierarchy": [
      "StructureDefinition.snapshot.element.type"
    ],
    "http://hl7.org/fhir/StructureDefinition/structuredefinition-standards-status": [
      "ImplementationGuide.definition.page.page"
    ],
    "http://hl7.org/fhir/StructureDefinition/structuredefinition-type-characteristics": [
      "StructureDefinition"
    ],
    "http://hl7.org/fhir/tools/StructureDefinition/ig-internal-dependency": [
      "ImplementationGuide.definition"
    ],
    "http://hl7.org/fhir/tools/StructureDefinition/implementationguide-dependency-comment": [
      "ImplementationGuide.dependsOn"
    ],
    "http://hl7.org/fhir/tools/StructureDefinition/logical-target": [
      "StructureDefinition"
    ],
    "http://hl7.org/fhir/tools/StructureDefinition/resource-information": [
      "ImplementationGuide.definition.resource"
    ],
    "http://profiles.ihe.net/PHARM/MEOW/StructureDefinition/ihe-ext-medication-classification": [
      "Medication"
    ],
    "http://profiles.ihe.net/PHARM/MEOW/StructureDefinition/ihe-ext-medication-device": [
      "Medication"
    ],
    "http://profiles.ihe.net/PHARM/MEOW/StructureDefinition/ihe-ext-medication-productname": [
      "Medication"
    ],
    "http://profiles.ihe.net/PHARM/MEOW/StructureDefinition/ihe-ext-medication-sizeofitem": [
      "Medication"
    ],
    "http://profiles.ihe.net/PHARM/MEOW/StructureDefinition/ihe-ext-medicationstatement-substitution": [
      "MedicationStatement"
    ],
    "http://profiles.ihe.net/PHARM/MEOW/StructureDefinition/ihe-ext-medicationstatement-verificationinformation": [
      "MedicationStatement"
    ]
  }
}